dispatch_order,alert_id,type,source_ip,score,risk_level
1,1,Suspicious Payload,192.168.1.50,100,HIGH
2,3,Suspicious Payload,192.168.1.50,100,HIGH
3,7,Suspicious Payload,192.168.1.50,100,HIGH
4,15,Suspicious Payload,192.168.1.50,100,HIGH
5,14,Suspicious Payload,192.168.1.50,100,HIGH
6,12,Suspicious Payload,192.168.1.50,100,HIGH
7,13,Suspicious Payload,192.168.1.50,100,HIGH
8,22,Suspicious Payload,172.16.0.5,100,HIGH
9,25,Suspicious Payload,172.16.0.5,100,HIGH
10,19,Suspicious Payload,192.168.1.50,100,HIGH
11,17,Suspicious Payload,192.168.1.50,100,HIGH
12,5,Suspicious Payload,192.168.1.50,100,HIGH
13,10,Suspicious Payload,192.168.1.50,100,HIGH
14,11,Suspicious Payload,192.168.1.50,100,HIGH
15,8,Suspicious Payload,192.168.1.50,100,HIGH
16,18,Suspicious Payload,192.168.1.50,100,HIGH
17,16,Suspicious Payload,192.168.1.50,100,HIGH
18,6,Suspicious Port,192.168.1.50,60,MEDIUM
19,23,Suspicious Port,172.16.0.5,60,MEDIUM
20,20,Suspicious Port,172.16.0.5,60,MEDIUM
21,4,Suspicious Port,192.168.1.50,60,MEDIUM
22,2,Suspicious Port,192.168.1.50,60,MEDIUM
23,9,Suspicious Port,192.168.1.50,60,MEDIUM
24,21,Large Packet,172.16.0.5,50,MEDIUM
25,24,Large Packet,172.16.0.5,50,MEDIUM
